,loss,train_accuracy_history,test_accuracy_history
0,0.7245604991912842,0.4898148148148148,0.5907407407407408
1,0.7394616007804871,0.5666666666666667,0.5
2,1.8657777309417725,0.5,0.5425925925925926
3,0.8832643628120422,0.5694444444444444,0.6574074074074074
4,0.7016125917434692,0.6435185185185185,0.6166666666666667
5,0.7569069266319275,0.6259259259259259,0.6657407407407407
6,0.5841464400291443,0.7046296296296296,0.6925925925925925
7,0.5953238606452942,0.6981481481481482,0.687962962962963
8,0.5517401695251465,0.7111111111111111,0.6814814814814815
9,0.520121693611145,0.7157407407407408,0.6768518518518518
10,0.5173141956329346,0.7287037037037037,0.6805555555555556
11,0.5044800639152527,0.7388888888888889,0.6972222222222222
12,0.5078418850898743,0.7277777777777777,0.7
13,0.5079275369644165,0.7351851851851852,0.7129629629629629
14,0.49283576011657715,0.7444444444444445,0.712037037037037
15,0.4822392761707306,0.7546296296296297,0.7064814814814815
16,0.48433974385261536,0.7537037037037037,0.7092592592592593
17,0.4763529598712921,0.7620370370370371,0.7148148148148148
18,0.4725523889064789,0.7638888888888888,0.7185185185185186
19,0.4775543808937073,0.7564814814814815,0.7175925925925926
20,0.46935325860977173,0.7722222222222223,0.7212962962962963
21,0.45733174681663513,0.7731481481481481,0.725
22,0.4586886465549469,0.7712962962962963,0.7277777777777777
23,0.4580053985118866,0.7777777777777778,0.7305555555555555
24,0.47083550691604614,0.7555555555555555,0.7231481481481481
25,0.4552864134311676,0.7759259259259259,0.7277777777777777
26,0.45908427238464355,0.7842592592592592,0.7287037037037037
27,0.4639139473438263,0.7759259259259259,0.7296296296296296
28,0.4529997408390045,0.7768518518518519,0.7268518518518519
29,0.44324323534965515,0.7796296296296297,0.7277777777777777
30,0.4549542963504791,0.774074074074074,0.7296296296296296
31,0.4449424147605896,0.7898148148148149,0.737037037037037
32,0.4485025405883789,0.7722222222222223,0.737037037037037
33,0.44938144087791443,0.7685185185185185,0.7361111111111112
34,0.44854286313056946,0.7731481481481481,0.7407407407407407
35,0.4359537661075592,0.7888888888888889,0.7305555555555555
36,0.43383482098579407,0.7935185185185185,0.7268518518518519
37,0.435693621635437,0.7981481481481482,0.7314814814814815
38,0.4239104390144348,0.8101851851851852,0.7425925925925926
39,0.43848058581352234,0.7833333333333333,0.7444444444444445
40,0.4283924996852875,0.7953703703703704,0.7425925925925926
41,0.4300389587879181,0.7962962962962963,0.7435185185185185
42,0.41762080788612366,0.8018518518518518,0.7416666666666667
43,0.4247076213359833,0.7944444444444444,0.7444444444444445
44,0.4242200553417206,0.8037037037037037,0.7398148148148148
45,0.43288201093673706,0.7898148148148149,0.7481481481481481
46,0.41504254937171936,0.7898148148148149,0.7472222222222222
47,0.41763195395469666,0.787962962962963,0.7509259259259259
48,0.41262108087539673,0.8055555555555556,0.7509259259259259
49,0.38747695088386536,0.8277777777777777,0.7472222222222222
50,0.40907347202301025,0.812962962962963,0.7537037037037037
51,0.3910885453224182,0.8185185185185185,0.7481481481481481
52,0.3937612771987915,0.8222222222222222,0.7481481481481481
53,0.3918972313404083,0.8185185185185185,0.75
54,0.39838966727256775,0.8111111111111111,0.7462962962962963
55,0.39783260226249695,0.8148148148148148,0.7518518518518519
56,0.38832950592041016,0.8240740740740741,0.7574074074074074
57,0.3848109841346741,0.8296296296296296,0.7564814814814815
58,0.36966952681541443,0.8388888888888889,0.7731481481481481
59,0.3734446167945862,0.8314814814814815,0.7712962962962963
60,0.37962087988853455,0.8296296296296296,0.7583333333333333
61,0.38462474942207336,0.8222222222222222,0.7796296296296297
62,0.3458385169506073,0.8462962962962963,0.7777777777777778
63,0.3471059799194336,0.8324074074074074,0.7851851851851852
64,0.36827370524406433,0.825925925925926,0.7907407407407407
65,0.35417288541793823,0.8416666666666667,0.7870370370370371
66,0.3494899868965149,0.8435185185185186,0.7851851851851852
67,0.33770883083343506,0.8592592592592593,0.7925925925925926
68,0.3338605761528015,0.8527777777777777,0.7925925925925926
69,0.3388868272304535,0.8555555555555555,0.7981481481481482
70,0.3234059512615204,0.850925925925926,0.7972222222222223
71,0.3345869779586792,0.85,0.7981481481481482
72,0.32115450501441956,0.8722222222222222,0.7962962962962963
73,0.3403162360191345,0.8537037037037037,0.8055555555555556
74,0.32076188921928406,0.875,0.8018518518518518
75,0.3158367872238159,0.8657407407407407,0.8046296296296296
76,0.3074434995651245,0.8777777777777778,0.8037037037037037
77,0.3299827575683594,0.8472222222222222,0.8074074074074075
78,0.3059634566307068,0.875,0.812962962962963
79,0.3007813096046448,0.8740740740740741,0.8092592592592592
80,0.29505497217178345,0.8740740740740741,0.8157407407407408
81,0.2963674068450928,0.8777777777777778,0.8055555555555556
82,0.29721173644065857,0.8787037037037037,0.8138888888888889
83,0.28415486216545105,0.8888888888888888,0.8101851851851852
84,0.2929135859012604,0.8787037037037037,0.8138888888888889
85,0.28258994221687317,0.8861111111111111,0.8175925925925925
86,0.286893367767334,0.8851851851851852,0.8222222222222222
87,0.2833928167819977,0.8731481481481481,0.8194444444444444
88,0.2733739912509918,0.8870370370370371,0.8185185185185185
89,0.28045234084129333,0.8851851851851852,0.8175925925925925
90,0.2771933972835541,0.8925925925925926,0.8175925925925925
91,0.2723783552646637,0.8888888888888888,0.8175925925925925
92,0.2770446538925171,0.8861111111111111,0.8203703703703704
93,0.26447993516921997,0.887962962962963,0.8222222222222222
94,0.2692067325115204,0.899074074074074,0.8212962962962963
95,0.25903114676475525,0.8981481481481481,0.8351851851851851
96,0.2530732750892639,0.9074074074074074,0.8231481481481482
97,0.24962489306926727,0.9046296296296297,0.8333333333333334
98,0.25460848212242126,0.9046296296296297,0.8333333333333334
99,0.23809464275836945,0.9074074074074074,0.8166666666666667
100,0.25696536898612976,0.8870370370370371,0.8351851851851851
101,0.2433365434408188,0.9083333333333333,0.825925925925926
102,0.24227388203144073,0.9009259259259259,0.8268518518518518
103,0.24851274490356445,0.899074074074074,0.8351851851851851
104,0.2506431043148041,0.899074074074074,0.8379629629629629
105,0.23650702834129333,0.9101851851851852,0.837037037037037
106,0.23513944447040558,0.9074074074074074,0.8379629629629629
107,0.22135807573795319,0.9009259259259259,0.8324074074074074
108,0.23323631286621094,0.8953703703703704,0.8379629629629629
109,0.2401219755411148,0.9,0.8407407407407408
110,0.2112869769334793,0.9222222222222223,0.8453703703703703
111,0.2143135517835617,0.9101851851851852,0.8407407407407408
112,0.21797975897789001,0.9175925925925926,0.8407407407407408
113,0.226470947265625,0.9111111111111111,0.85
114,0.22758324444293976,0.9055555555555556,0.8490740740740741
115,0.22604042291641235,0.9092592592592592,0.8472222222222222
116,0.230287104845047,0.9083333333333333,0.8462962962962963
117,0.21426844596862793,0.9175925925925926,0.8481481481481481
118,0.21980559825897217,0.9064814814814814,0.8453703703703703
119,0.19923388957977295,0.9296296296296296,0.8472222222222222
120,0.21129417419433594,0.9194444444444444,0.8453703703703703
121,0.21512848138809204,0.9138888888888889,0.8518518518518519
122,0.2143687903881073,0.9148148148148149,0.8444444444444444
123,0.21813951432704926,0.9101851851851852,0.8490740740740741
124,0.2037995606660843,0.9175925925925926,0.8425925925925926
125,0.2081487476825714,0.9138888888888889,0.8481481481481481
126,0.20790374279022217,0.9175925925925926,0.8435185185185186
127,0.20803380012512207,0.9277777777777778,0.8444444444444444
128,0.19705989956855774,0.9333333333333333,0.8490740740740741
129,0.19859883189201355,0.924074074074074,0.850925925925926
130,0.20222875475883484,0.9166666666666666,0.8537037037037037
131,0.20439653098583221,0.9166666666666666,0.8462962962962963
132,0.19817523658275604,0.9185185185185185,0.8416666666666667
133,0.19151762127876282,0.9342592592592592,0.85
134,0.1926925778388977,0.9185185185185185,0.8518518518518519
135,0.20437568426132202,0.9185185185185185,0.8203703703703704
136,0.2048736810684204,0.9194444444444444,0.8416666666666667
137,0.19042931497097015,0.924074074074074,0.8490740740740741
138,0.18028664588928223,0.9342592592592592,0.850925925925926
139,0.19271256029605865,0.9231481481481482,0.850925925925926
140,0.18953371047973633,0.9287037037037037,0.8564814814814815
141,0.18506377935409546,0.9277777777777778,0.8537037037037037
142,0.18271814286708832,0.9268518518518518,0.8537037037037037
143,0.19051136076450348,0.925,0.8333333333333334
144,0.1892772912979126,0.9259259259259259,0.8472222222222222
145,0.183171808719635,0.9277777777777778,0.8611111111111112
146,0.19068825244903564,0.925,0.8379629629629629
147,0.18479128181934357,0.9231481481481482,0.8537037037037037
148,0.1767285168170929,0.924074074074074,0.8564814814814815
149,0.16890795528888702,0.9296296296296296,0.8453703703703703
150,0.1890818178653717,0.9203703703703704,0.8583333333333333
151,0.17364074289798737,0.9287037037037037,0.8546296296296296
152,0.17348363995552063,0.9314814814814815,0.8555555555555555
153,0.16780146956443787,0.9351851851851852,0.8537037037037037
154,0.1691170334815979,0.9324074074074075,0.8407407407407408
155,0.18132346868515015,0.9314814814814815,0.8574074074074074
156,0.16933442652225494,0.9342592592592592,0.8555555555555555
157,0.1814371794462204,0.9268518518518518,0.8555555555555555
158,0.17055487632751465,0.937037037037037,0.8435185185185186
159,0.17846541106700897,0.9305555555555556,0.862037037037037
160,0.15525305271148682,0.937037037037037,0.8444444444444444
161,0.16436602175235748,0.9416666666666667,0.8546296296296296
162,0.1599123328924179,0.937962962962963,0.850925925925926
163,0.17051686346530914,0.9314814814814815,0.8537037037037037
164,0.1658879518508911,0.9314814814814815,0.8555555555555555
165,0.17249098420143127,0.9287037037037037,0.8574074074074074
166,0.15039882063865662,0.9407407407407408,0.8388888888888889
167,0.1760253608226776,0.9296296296296296,0.8574074074074074
168,0.16444605588912964,0.9407407407407408,0.8518518518518519
169,0.15690147876739502,0.9425925925925925,0.8518518518518519
170,0.15736302733421326,0.9444444444444444,0.8537037037037037
171,0.1668911576271057,0.9361111111111111,0.8592592592592593
172,0.16189229488372803,0.9398148148148148,0.8518518518518519
173,0.161949023604393,0.9416666666666667,0.8416666666666667
174,0.15189018845558167,0.9407407407407408,0.8537037037037037
175,0.158053919672966,0.9444444444444444,0.8388888888888889
176,0.17238931357860565,0.9314814814814815,0.8583333333333333
177,0.1601613163948059,0.937037037037037,0.8481481481481481
178,0.15182949602603912,0.937962962962963,0.8592592592592593
179,0.13926666975021362,0.95,0.8537037037037037
180,0.1647292822599411,0.9324074074074075,0.8407407407407408
181,0.15560710430145264,0.9453703703703704,0.8648148148148148
182,0.14815357327461243,0.9361111111111111,0.8583333333333333
183,0.14885903894901276,0.9416666666666667,0.850925925925926
184,0.15992310643196106,0.9388888888888889,0.8601851851851852
185,0.14523357152938843,0.9472222222222222,0.8555555555555555
186,0.13770228624343872,0.9490740740740741,0.8453703703703703
187,0.15466322004795074,0.9425925925925925,0.862037037037037
188,0.13996461033821106,0.9444444444444444,0.862037037037037
189,0.13805246353149414,0.9435185185185185,0.8638888888888889
190,0.12395672500133514,0.9611111111111111,0.8490740740740741
191,0.15030457079410553,0.9407407407407408,0.8564814814814815
192,0.14033856987953186,0.95,0.8527777777777777
193,0.13966669142246246,0.9453703703703704,0.8601851851851852
194,0.13486720621585846,0.950925925925926,0.850925925925926
195,0.1518315076828003,0.9416666666666667,0.8527777777777777
196,0.14110885560512543,0.9472222222222222,0.8555555555555555
197,0.13282524049282074,0.95,0.8546296296296296
198,0.14175327122211456,0.9453703703703704,0.8435185185185186
199,0.15227772295475006,0.9416666666666667,0.8527777777777777
200,0.1267467886209488,0.9518518518518518,0.8472222222222222
201,0.13296890258789062,0.9435185185185185,0.8398148148148148
202,0.15813615918159485,0.937037037037037,0.8481481481481481
203,0.14102157950401306,0.95,0.8342592592592593
204,0.12739041447639465,0.9574074074074074,0.8601851851851852
205,0.135765939950943,0.9462962962962963,0.8537037037037037
206,0.11625643819570541,0.9629629629629629,0.85
207,0.1337314397096634,0.950925925925926,0.850925925925926
208,0.13767190277576447,0.9453703703703704,0.8611111111111112
209,0.13540418446063995,0.9435185185185185,0.8518518518518519
210,0.13217224180698395,0.95,0.850925925925926
211,0.13436394929885864,0.95,0.8527777777777777
212,0.13929250836372375,0.9398148148148148,0.8546296296296296
213,0.1407334953546524,0.9472222222222222,0.8462962962962963
214,0.12687428295612335,0.9472222222222222,0.8546296296296296
215,0.1449219137430191,0.9388888888888889,0.8583333333333333
216,0.12232982367277145,0.9601851851851851,0.8277777777777777
217,0.12671446800231934,0.9555555555555556,0.8592592592592593
218,0.13636423647403717,0.9453703703703704,0.862037037037037
219,0.12756898999214172,0.9537037037037037,0.8583333333333333
220,0.1104523316025734,0.9638888888888889,0.8546296296296296
221,0.12787199020385742,0.9527777777777777,0.862037037037037
222,0.1388472467660904,0.9435185185185185,0.862037037037037
223,0.120479516685009,0.9611111111111111,0.8592592592592593
224,0.12854085862636566,0.9555555555555556,0.8574074074074074
225,0.11457309871912003,0.9629629629629629,0.8490740740740741
226,0.13090750575065613,0.9462962962962963,0.8472222222222222
227,0.1308913677930832,0.950925925925926,0.8481481481481481
228,0.12057078629732132,0.9490740740740741,0.8675925925925926
229,0.12970130145549774,0.9564814814814815,0.8444444444444444
230,0.12182606011629105,0.9546296296296296,0.8444444444444444
231,0.11537515372037888,0.9518518518518518,0.8574074074074074
232,0.11426419764757156,0.9555555555555556,0.8555555555555555
233,0.11561937630176544,0.9592592592592593,0.8601851851851852
234,0.13111859560012817,0.9490740740740741,0.8537037037037037
235,0.13179804384708405,0.9453703703703704,0.8462962962962963
236,0.12472948431968689,0.9527777777777777,0.85
237,0.11639127880334854,0.9564814814814815,0.8666666666666667
238,0.1175178736448288,0.9537037037037037,0.8657407407407407
239,0.11367343366146088,0.9592592592592593,0.8583333333333333
240,0.10654623061418533,0.9601851851851851,0.8611111111111112
241,0.10923119634389877,0.9555555555555556,0.8527777777777777
242,0.11948724091053009,0.9546296296296296,0.8527777777777777
243,0.11304201930761337,0.9638888888888889,0.8564814814814815
244,0.11884641647338867,0.9527777777777777,0.8546296296296296
245,0.10955800861120224,0.9574074074074074,0.8537037037037037
246,0.11448586732149124,0.9574074074074074,0.8564814814814815
247,0.10720578581094742,0.962037037037037,0.8435185185185186
248,0.11411537230014801,0.9546296296296296,0.8583333333333333
249,0.11709262430667877,0.950925925925926,0.8546296296296296
250,0.11567798256874084,0.9601851851851851,0.8601851851851852
251,0.10329826176166534,0.9629629629629629,0.8648148148148148
252,0.11591266840696335,0.9583333333333334,0.8527777777777777
253,0.11616114526987076,0.9564814814814815,0.8537037037037037
254,0.10817550867795944,0.9657407407407408,0.8555555555555555
255,0.10351510345935822,0.9583333333333334,0.8592592592592593
256,0.11412810534238815,0.9611111111111111,0.862037037037037
257,0.1169385015964508,0.9537037037037037,0.8583333333333333
258,0.10508093982934952,0.9648148148148148,0.8388888888888889
259,0.11268555372953415,0.9537037037037037,0.8583333333333333
260,0.1284506469964981,0.9481481481481482,0.8453703703703703
261,0.11340666562318802,0.9675925925925926,0.8537037037037037
262,0.11652068048715591,0.9629629629629629,0.8462962962962963
263,0.10861478000879288,0.9601851851851851,0.8222222222222222
264,0.10017074644565582,0.9638888888888889,0.8462962962962963
265,0.1040724441409111,0.9657407407407408,0.8574074074074074
266,0.11385741829872131,0.9546296296296296,0.8537037037037037
267,0.0951615422964096,0.9648148148148148,0.8555555555555555
268,0.10242604464292526,0.9638888888888889,0.8592592592592593
269,0.11211863160133362,0.9592592592592593,0.8592592592592593
270,0.10705631971359253,0.9648148148148148,0.8462962962962963
271,0.1267222911119461,0.95,0.8537037037037037
272,0.0991411954164505,0.9675925925925926,0.8462962962962963
273,0.10288666933774948,0.9648148148148148,0.8518518518518519
274,0.08799448609352112,0.975,0.8546296296296296
275,0.10354797542095184,0.9638888888888889,0.8629629629629629
276,0.11168030649423599,0.9546296296296296,0.8601851851851852
277,0.10948580503463745,0.9592592592592593,0.8601851851851852
278,0.10143180936574936,0.9638888888888889,0.8564814814814815
279,0.10014872997999191,0.9601851851851851,0.8592592592592593
280,0.08689473569393158,0.9675925925925926,0.8583333333333333
281,0.10136283934116364,0.9675925925925926,0.8564814814814815
282,0.10393916815519333,0.9675925925925926,0.85
283,0.12088505923748016,0.9527777777777777,0.8601851851851852
284,0.10316045582294464,0.9601851851851851,0.850925925925926
285,0.08438648283481598,0.9694444444444444,0.8601851851851852
286,0.10678696632385254,0.9712962962962963,0.8527777777777777
287,0.10299597680568695,0.9574074074074074,0.8583333333333333
288,0.09809631109237671,0.9703703703703703,0.8546296296296296
289,0.10299345850944519,0.9601851851851851,0.8527777777777777
290,0.09445740282535553,0.9638888888888889,0.8518518518518519
291,0.105081707239151,0.9629629629629629,0.8564814814814815
292,0.09068255126476288,0.9685185185185186,0.85
293,0.10385487228631973,0.9685185185185186,0.85
294,0.08932065218687057,0.9629629629629629,0.8611111111111112
295,0.08586641401052475,0.9731481481481481,0.8574074074074074
296,0.10645603388547897,0.9601851851851851,0.8435185185185186
297,0.1079910546541214,0.9574074074074074,0.8416666666666667
298,0.10359487682580948,0.9583333333333334,0.8472222222222222
299,0.10765992850065231,0.9601851851851851,0.8537037037037037
300,0.1005689725279808,0.9601851851851851,0.8537037037037037
301,0.10874965786933899,0.9648148148148148,0.8555555555555555
302,0.09385106712579727,0.9657407407407408,0.8564814814814815
303,0.10304412245750427,0.9648148148148148,0.8537037037037037
304,0.09954178333282471,0.9574074074074074,0.8490740740740741
305,0.09711870551109314,0.9583333333333334,0.8546296296296296
306,0.0972067341208458,0.962037037037037,0.8583333333333333
307,0.09158563613891602,0.9611111111111111,0.8555555555555555
308,0.09760290384292603,0.9694444444444444,0.8537037037037037
309,0.08242569118738174,0.9740740740740741,0.85
310,0.09367990493774414,0.962037037037037,0.8583333333333333
311,0.09480337798595428,0.9712962962962963,0.85
312,0.09845508635044098,0.9675925925925926,0.85
313,0.08560652285814285,0.9731481481481481,0.8481481481481481
314,0.0823500007390976,0.9694444444444444,0.8546296296296296
315,0.08684425801038742,0.9648148148148148,0.8481481481481481
316,0.09091924875974655,0.9648148148148148,0.8425925925925926
317,0.0890759602189064,0.9694444444444444,0.8481481481481481
318,0.08617915958166122,0.9712962962962963,0.8527777777777777
319,0.07859823107719421,0.9731481481481481,0.8583333333333333
320,0.08331239968538284,0.9777777777777777,0.85
321,0.09437932074069977,0.9731481481481481,0.8388888888888889
322,0.08260225504636765,0.9675925925925926,0.8416666666666667
323,0.0980432778596878,0.9574074074074074,0.85
324,0.10327781736850739,0.950925925925926,0.8453703703703703
325,0.08584314584732056,0.9694444444444444,0.8527777777777777
326,0.09585422277450562,0.9638888888888889,0.8537037037037037
327,0.09627267718315125,0.9675925925925926,0.8564814814814815
328,0.0971805676817894,0.9648148148148148,0.8555555555555555
329,0.08428021520376205,0.9731481481481481,0.8564814814814815
330,0.09627597779035568,0.9666666666666667,0.8537037037037037
331,0.08161123842000961,0.9731481481481481,0.8537037037037037
332,0.08118320256471634,0.975,0.8537037037037037
333,0.07878637313842773,0.9740740740740741,0.8546296296296296
334,0.09017397463321686,0.9657407407407408,0.8527777777777777
335,0.09752898663282394,0.9601851851851851,0.8490740740740741
336,0.0818510502576828,0.9703703703703703,0.8555555555555555
337,0.08101656287908554,0.9787037037037037,0.8555555555555555
338,0.08840081840753555,0.9666666666666667,0.8555555555555555
339,0.08048953115940094,0.9712962962962963,0.8574074074074074
340,0.0945034995675087,0.9638888888888889,0.8574074074074074
341,0.08545035868883133,0.9685185185185186,0.8564814814814815
342,0.07580909878015518,0.9777777777777777,0.8490740740740741
343,0.07372287660837173,0.9768518518518519,0.8555555555555555
344,0.0938429981470108,0.9675925925925926,0.8527777777777777
345,0.0830683559179306,0.9740740740740741,0.8564814814814815
346,0.09735969454050064,0.9648148148148148,0.850925925925926
347,0.07283150404691696,0.975925925925926,0.8592592592592593
348,0.06798463314771652,0.9768518518518519,0.862037037037037
349,0.0854719802737236,0.9648148148148148,0.8555555555555555
350,0.07508239150047302,0.9768518518518519,0.8564814814814815
351,0.08075644820928574,0.9685185185185186,0.8537037037037037
352,0.07604149729013443,0.9666666666666667,0.8564814814814815
353,0.08419837057590485,0.9648148148148148,0.8601851851851852
354,0.1001332700252533,0.9564814814814815,0.8518518518518519
355,0.08840464800596237,0.9685185185185186,0.8490740740740741
356,0.10127991437911987,0.9629629629629629,0.8583333333333333
357,0.09176860004663467,0.962037037037037,0.8592592592592593
358,0.07989807426929474,0.9712962962962963,0.8546296296296296
359,0.08742611855268478,0.9657407407407408,0.8379629629629629
360,0.08433442562818527,0.9675925925925926,0.8527777777777777
361,0.09608801454305649,0.9648148148148148,0.8546296296296296
362,0.07793010771274567,0.975925925925926,0.85
363,0.08314892649650574,0.9712962962962963,0.8537037037037037
364,0.07908156514167786,0.9731481481481481,0.8555555555555555
365,0.07875585556030273,0.9685185185185186,0.8527777777777777
366,0.08155711740255356,0.9657407407407408,0.8398148148148148
367,0.08481626212596893,0.9648148148148148,0.8527777777777777
368,0.07297318428754807,0.975,0.8444444444444444
369,0.0840194895863533,0.9675925925925926,0.8527777777777777
370,0.07961268723011017,0.9703703703703703,0.85
371,0.08285937458276749,0.9694444444444444,0.8527777777777777
372,0.07926249504089355,0.975925925925926,0.8518518518518519
373,0.07920130342245102,0.9694444444444444,0.8537037037037037
374,0.07672947645187378,0.9740740740740741,0.8481481481481481
375,0.09182839095592499,0.9703703703703703,0.8527777777777777
376,0.07546696066856384,0.9722222222222222,0.8555555555555555
377,0.06828223913908005,0.9722222222222222,0.8611111111111112
378,0.08193132281303406,0.9712962962962963,0.8638888888888889
379,0.07597926259040833,0.975,0.8555555555555555
380,0.07157104462385178,0.9768518518518519,0.8527777777777777
381,0.06669415533542633,0.9777777777777777,0.8564814814814815
382,0.07655835896730423,0.9768518518518519,0.8564814814814815
383,0.07715851068496704,0.9694444444444444,0.8555555555555555
384,0.0804872214794159,0.9685185185185186,0.8574074074074074
385,0.06534487009048462,0.975925925925926,0.8555555555555555
386,0.06691722571849823,0.9777777777777777,0.8518518518518519
387,0.07188674807548523,0.975,0.85
388,0.07420088350772858,0.9796296296296296,0.8444444444444444
389,0.075544074177742,0.975925925925926,0.8518518518518519
390,0.06839101761579514,0.9796296296296296,0.8601851851851852
391,0.07013965398073196,0.9712962962962963,0.8555555555555555
392,0.09509436786174774,0.9740740740740741,0.8564814814814815
393,0.0717209130525589,0.9740740740740741,0.8564814814814815
394,0.07940791547298431,0.9675925925925926,0.8555555555555555
395,0.07258967310190201,0.9740740740740741,0.8462962962962963
396,0.06963631510734558,0.975,0.8527777777777777
397,0.07023101300001144,0.9712962962962963,0.8583333333333333
398,0.06728404015302658,0.9787037037037037,0.8574074074074074
399,0.0860927402973175,0.9666666666666667,0.8555555555555555
400,0.06958889216184616,0.975925925925926,0.8537037037037037
401,0.07046125829219818,0.9824074074074074,0.8555555555555555
402,0.06871412694454193,0.9796296296296296,0.8574074074074074
403,0.0696769431233406,0.9787037037037037,0.8490740740740741
404,0.0772365927696228,0.9712962962962963,0.8481481481481481
405,0.07243849337100983,0.9722222222222222,0.8555555555555555
406,0.07763110101222992,0.9740740740740741,0.8546296296296296
407,0.07785384356975555,0.9722222222222222,0.8537037037037037
408,0.06644858419895172,0.9777777777777777,0.8444444444444444
409,0.06070253625512123,0.9777777777777777,0.85
410,0.07447623461484909,0.9777777777777777,0.8388888888888889
411,0.09593910723924637,0.9666666666666667,0.8546296296296296
412,0.07328814268112183,0.975925925925926,0.8546296296296296
413,0.08094322681427002,0.9703703703703703,0.8574074074074074
414,0.07818272709846497,0.9712962962962963,0.8490740740740741
415,0.08880261331796646,0.9657407407407408,0.8564814814814815
416,0.0770268589258194,0.9712962962962963,0.8537037037037037
417,0.09068086743354797,0.9666666666666667,0.8601851851851852
418,0.07905197888612747,0.962037037037037,0.8583333333333333
419,0.06915413588285446,0.975,0.8592592592592593
420,0.06581497937440872,0.975,0.8583333333333333
421,0.07584162056446075,0.9694444444444444,0.8629629629629629
422,0.06588303297758102,0.975,0.8611111111111112
423,0.0742960050702095,0.975925925925926,0.8583333333333333
424,0.07488588243722916,0.9712962962962963,0.8518518518518519
425,0.07699216157197952,0.9685185185185186,0.8425925925925926
426,0.060867972671985626,0.975925925925926,0.8527777777777777
427,0.05530679598450661,0.9805555555555555,0.8555555555555555
428,0.06517817080020905,0.975,0.8574074074074074
429,0.06468991935253143,0.9787037037037037,0.8555555555555555
430,0.06288137286901474,0.975925925925926,0.8546296296296296
431,0.07775162905454636,0.9722222222222222,0.8537037037037037
432,0.06815394014120102,0.975,0.8518518518518519
433,0.07087692618370056,0.9685185185185186,0.8555555555555555
434,0.07692843675613403,0.9731481481481481,0.8555555555555555
435,0.08172333240509033,0.9666666666666667,0.8481481481481481
436,0.06536830961704254,0.9796296296296296,0.8546296296296296
437,0.07097388058900833,0.9712962962962963,0.8555555555555555
438,0.0749165266752243,0.9712962962962963,0.8490740740740741
439,0.06623615324497223,0.9768518518518519,0.8481481481481481
440,0.0739126056432724,0.9731481481481481,0.8481481481481481
441,0.07425549626350403,0.9722222222222222,0.8490740740740741
442,0.0711694210767746,0.9796296296296296,0.850925925925926
443,0.07988610863685608,0.9703703703703703,0.8564814814814815
444,0.06505683064460754,0.975,0.8546296296296296
445,0.06771741062402725,0.975925925925926,0.8611111111111112
446,0.06492495536804199,0.975925925925926,0.8611111111111112
447,0.05788559094071388,0.9805555555555555,0.862037037037037
448,0.06111491098999977,0.975925925925926,0.8555555555555555
449,0.08164288848638535,0.9638888888888889,0.8462962962962963
450,0.06365910172462463,0.9796296296296296,0.8481481481481481
451,0.06431818753480911,0.9740740740740741,0.8462962962962963
452,0.07119520008563995,0.9722222222222222,0.8583333333333333
453,0.07012879103422165,0.9731481481481481,0.85
454,0.06035321578383446,0.975925925925926,0.8388888888888889
455,0.0755726769566536,0.975,0.8472222222222222
456,0.07967083156108856,0.9712962962962963,0.8592592592592593
457,0.07953145354986191,0.9777777777777777,0.8592592592592593
458,0.05358758568763733,0.9833333333333333,0.8527777777777777
459,0.06886377930641174,0.9722222222222222,0.8546296296296296
460,0.06916508078575134,0.9712962962962963,0.8472222222222222
461,0.08060373365879059,0.9731481481481481,0.8527777777777777
462,0.05803277716040611,0.9824074074074074,0.8583333333333333
463,0.06251808255910873,0.9768518518518519,0.8546296296296296
464,0.08682992309331894,0.9685185185185186,0.8546296296296296
465,0.04562998563051224,0.9851851851851852,0.850925925925926
466,0.06823687255382538,0.9787037037037037,0.85
467,0.057850368320941925,0.9796296296296296,0.8546296296296296
468,0.05942967161536217,0.9824074074074074,0.8564814814814815
469,0.05776926502585411,0.9777777777777777,0.8564814814814815
470,0.07539654523134232,0.975,0.8574074074074074
471,0.06210095435380936,0.9796296296296296,0.8583333333333333
472,0.06797661632299423,0.975,0.8537037037037037
473,0.065189890563488,0.9777777777777777,0.8583333333333333
474,0.07001883536577225,0.9777777777777777,0.8564814814814815
475,0.07707233726978302,0.9675925925925926,0.8564814814814815
476,0.06427037715911865,0.9777777777777777,0.8546296296296296
477,0.05609414726495743,0.9777777777777777,0.8518518518518519
478,0.06502053886651993,0.9787037037037037,0.850925925925926
479,0.06346489489078522,0.975,0.8592592592592593
480,0.06736671179533005,0.975925925925926,0.8555555555555555
481,0.07400508970022202,0.975,0.8592592592592593
482,0.07628364861011505,0.9731481481481481,0.8490740740740741
483,0.062383659183979034,0.975,0.8462962962962963
484,0.057513296604156494,0.9796296296296296,0.8546296296296296
485,0.061588309705257416,0.975,0.8518518518518519
486,0.07388707995414734,0.9740740740740741,0.8537037037037037
487,0.06621503829956055,0.9768518518518519,0.85
488,0.05247166380286217,0.9796296296296296,0.8527777777777777
489,0.07183492183685303,0.9731481481481481,0.8444444444444444
490,0.06998326629400253,0.975,0.8583333333333333
491,0.06211882084608078,0.9731481481481481,0.8592592592592593
492,0.05803384259343147,0.9842592592592593,0.8537037037037037
493,0.061055563390254974,0.9777777777777777,0.8518518518518519
494,0.061644453555345535,0.9777777777777777,0.8537037037037037
495,0.04878193140029907,0.9851851851851852,0.850925925925926
496,0.07438692450523376,0.9740740740740741,0.862037037037037
497,0.06484925001859665,0.975,0.8546296296296296
498,0.0578124038875103,0.9796296296296296,0.8527777777777777
499,0.058043379336595535,0.9796296296296296,0.8537037037037037
500,0.054365094751119614,0.9814814814814815,0.8546296296296296
501,0.051760632544755936,0.9861111111111112,0.8472222222222222
502,0.055764976888895035,0.9777777777777777,0.8546296296296296
503,0.05131106078624725,0.9796296296296296,0.8555555555555555
504,0.04498286917805672,0.9851851851851852,0.8583333333333333
505,0.05561409518122673,0.9814814814814815,0.8537037037037037
506,0.06936069577932358,0.9703703703703703,0.8518518518518519
507,0.05269435793161392,0.9824074074074074,0.850925925925926
508,0.056778017431497574,0.9787037037037037,0.8518518518518519
509,0.06326235830783844,0.9768518518518519,0.8564814814814815
510,0.06643705070018768,0.9768518518518519,0.85
511,0.05426410585641861,0.9777777777777777,0.8601851851851852
512,0.06567002087831497,0.975925925925926,0.850925925925926
513,0.06239522248506546,0.9777777777777777,0.837037037037037
514,0.0733746811747551,0.9740740740740741,0.8574074074074074
515,0.04696489870548248,0.9861111111111112,0.8611111111111112
516,0.06626659631729126,0.9824074074074074,0.8537037037037037
517,0.05801072344183922,0.9787037037037037,0.8546296296296296
518,0.050684213638305664,0.9796296296296296,0.8490740740740741
519,0.045229434967041016,0.987037037037037,0.85
520,0.05862509459257126,0.9787037037037037,0.8583333333333333
521,0.0651608482003212,0.9814814814814815,0.8629629629629629
522,0.06773564219474792,0.9731481481481481,0.8601851851851852
523,0.06089547649025917,0.9768518518518519,0.8583333333333333
524,0.050331734120845795,0.9842592592592593,0.8611111111111112
525,0.05642896890640259,0.9740740740740741,0.8564814814814815
526,0.0560162179172039,0.9787037037037037,0.8527777777777777
527,0.05049844831228256,0.9833333333333333,0.8583333333333333
528,0.06052472069859505,0.975925925925926,0.8583333333333333
529,0.04242582991719246,0.987037037037037,0.8527777777777777
530,0.054025452584028244,0.9787037037037037,0.85
531,0.057053305208683014,0.9777777777777777,0.8564814814814815
532,0.044379930943250656,0.9824074074074074,0.8527777777777777
533,0.047525499016046524,0.987037037037037,0.8546296296296296
534,0.06820569187402725,0.975,0.8546296296296296
535,0.07935632020235062,0.9731481481481481,0.8546296296296296
536,0.04700257629156113,0.9861111111111112,0.8527777777777777
537,0.05702509358525276,0.9768518518518519,0.85
538,0.04215047135949135,0.9879629629629629,0.8537037037037037
539,0.06096314266324043,0.9768518518518519,0.8564814814814815
540,0.0567907951772213,0.9787037037037037,0.8564814814814815
541,0.05770916864275932,0.9787037037037037,0.850925925925926
542,0.058390166610479355,0.975925925925926,0.8583333333333333
543,0.04770117253065109,0.9842592592592593,0.8592592592592593
544,0.05484658479690552,0.9814814814814815,0.8583333333333333
545,0.0526733435690403,0.9796296296296296,0.8601851851851852
546,0.06041128933429718,0.9787037037037037,0.8574074074074074
547,0.05730482563376427,0.9796296296296296,0.8583333333333333
548,0.06450871378183365,0.9787037037037037,0.8518518518518519
549,0.06198396906256676,0.9777777777777777,0.8611111111111112
550,0.05420535057783127,0.9796296296296296,0.8472222222222222
551,0.05214926227927208,0.9814814814814815,0.8583333333333333
552,0.07093249261379242,0.975,0.8555555555555555
553,0.05599796026945114,0.9805555555555555,0.8546296296296296
554,0.05158387869596481,0.9851851851851852,0.862037037037037
555,0.05149943754076958,0.9833333333333333,0.8601851851851852
556,0.053179480135440826,0.9824074074074074,0.8527777777777777
557,0.047451119869947433,0.9879629629629629,0.8342592592592593
558,0.06500561535358429,0.9768518518518519,0.8638888888888889
559,0.06316733360290527,0.9731481481481481,0.8564814814814815
560,0.04835186153650284,0.987037037037037,0.8592592592592593
561,0.05645449087023735,0.9796296296296296,0.8611111111111112
562,0.07492376118898392,0.9694444444444444,0.8518518518518519
563,0.058401238173246384,0.9814814814814815,0.862037037037037
564,0.06499544531106949,0.9768518518518519,0.8481481481481481
565,0.05243556946516037,0.9796296296296296,0.8583333333333333
566,0.06201353296637535,0.9777777777777777,0.8546296296296296
567,0.06059228256344795,0.9740740740740741,0.8592592592592593
568,0.0618692971765995,0.9787037037037037,0.8546296296296296
569,0.04903591424226761,0.9824074074074074,0.850925925925926
570,0.053980737924575806,0.9824074074074074,0.8537037037037037
571,0.05455328896641731,0.9824074074074074,0.8537037037037037
572,0.05372597277164459,0.9824074074074074,0.8490740740740741
573,0.05037764459848404,0.9805555555555555,0.8518518518518519
574,0.044683538377285004,0.9861111111111112,0.8555555555555555
575,0.049047719687223434,0.9842592592592593,0.8518518518518519
576,0.06608076393604279,0.9777777777777777,0.8555555555555555
577,0.05767354369163513,0.9851851851851852,0.8592592592592593
578,0.07284024357795715,0.9740740740740741,0.8490740740740741
579,0.07972890138626099,0.9694444444444444,0.8555555555555555
580,0.05402060225605965,0.9787037037037037,0.8574074074074074
581,0.050857026129961014,0.9814814814814815,0.8583333333333333
582,0.07075835764408112,0.9722222222222222,0.8546296296296296
583,0.06337172538042068,0.975925925925926,0.8592592592592593
584,0.0514293909072876,0.9796296296296296,0.8574074074074074
585,0.041634127497673035,0.9898148148148148,0.8592592592592593
586,0.04878133162856102,0.9833333333333333,0.8518518518518519
587,0.04723140224814415,0.9842592592592593,0.8648148148148148
588,0.05938871204853058,0.9796296296296296,0.8574074074074074
589,0.05483178049325943,0.9805555555555555,0.8583333333333333
590,0.047993242740631104,0.9833333333333333,0.8611111111111112
591,0.053385622799396515,0.9824074074074074,0.85
592,0.05284566804766655,0.9833333333333333,0.8546296296296296
593,0.05216984823346138,0.9842592592592593,0.8592592592592593
594,0.05219867452979088,0.9851851851851852,0.8518518518518519
595,0.05438060313463211,0.9824074074074074,0.8546296296296296
596,0.054400019347667694,0.9796296296296296,0.8527777777777777
597,0.04880572855472565,0.9777777777777777,0.8472222222222222
598,0.05090931057929993,0.9796296296296296,0.8472222222222222
599,0.05341554433107376,0.9824074074074074,0.850925925925926
600,0.051372140645980835,0.9805555555555555,0.8527777777777777
601,0.056556958705186844,0.9805555555555555,0.8537037037037037
602,0.05515209585428238,0.9768518518518519,0.8555555555555555
603,0.06208395957946777,0.9814814814814815,0.8453703703703703
604,0.04973379150032997,0.9805555555555555,0.8527777777777777
605,0.04899045452475548,0.987037037037037,0.8537037037037037
606,0.05464046448469162,0.9833333333333333,0.8611111111111112
607,0.04668666049838066,0.9861111111111112,0.862037037037037
608,0.04914805293083191,0.9805555555555555,0.8611111111111112
609,0.04385225847363472,0.9842592592592593,0.8611111111111112
610,0.050797346979379654,0.9787037037037037,0.8574074074074074
611,0.050997816026210785,0.987037037037037,0.8592592592592593
612,0.03969847783446312,0.9861111111111112,0.8564814814814815
613,0.03685866296291351,0.987037037037037,0.8583333333333333
614,0.03820493444800377,0.9879629629629629,0.8592592592592593
615,0.049072738736867905,0.9842592592592593,0.8583333333333333
616,0.048153262585401535,0.9824074074074074,0.8583333333333333
617,0.040718019008636475,0.9888888888888889,0.8592592592592593
618,0.048579636961221695,0.9851851851851852,0.8592592592592593
619,0.05614776536822319,0.975925925925926,0.8601851851851852
620,0.044610437005758286,0.9861111111111112,0.8648148148148148
621,0.06790630519390106,0.975925925925926,0.8583333333333333
622,0.03659170866012573,0.9888888888888889,0.8537037037037037
623,0.050863735377788544,0.9842592592592593,0.8527777777777777
624,0.049349915236234665,0.9833333333333333,0.8601851851851852
625,0.055011678487062454,0.9851851851851852,0.862037037037037
626,0.04748889431357384,0.9842592592592593,0.8583333333333333
627,0.04249182716012001,0.9851851851851852,0.8564814814814815
628,0.054805293679237366,0.9796296296296296,0.8601851851851852
629,0.035045064985752106,0.9907407407407407,0.8601851851851852
630,0.03991865739226341,0.9898148148148148,0.8583333333333333
631,0.05198892205953598,0.9814814814814815,0.8592592592592593
632,0.05324519798159599,0.975,0.8564814814814815
633,0.05380745232105255,0.9787037037037037,0.8546296296296296
634,0.048334334045648575,0.9805555555555555,0.8518518518518519
635,0.05149901285767555,0.9833333333333333,0.8555555555555555
636,0.05268094688653946,0.9768518518518519,0.8537037037037037
637,0.05970735847949982,0.9740740740740741,0.8490740740740741
638,0.044028423726558685,0.9851851851851852,0.8537037037037037
639,0.038532793521881104,0.9833333333333333,0.8574074074074074
640,0.06159931421279907,0.9740740740740741,0.8564814814814815
641,0.06983960419893265,0.975925925925926,0.8564814814814815
642,0.0428994745016098,0.9861111111111112,0.8592592592592593
643,0.04765273258090019,0.9805555555555555,0.8564814814814815
644,0.05978364497423172,0.9796296296296296,0.8564814814814815
645,0.047292083501815796,0.9842592592592593,0.8583333333333333
646,0.059028495103120804,0.9787037037037037,0.8592592592592593
647,0.06306006014347076,0.9824074074074074,0.8574074074074074
648,0.05138592794537544,0.9824074074074074,0.8601851851851852
649,0.04157331585884094,0.9879629629629629,0.8574074074074074
650,0.04527664557099342,0.9842592592592593,0.8629629629629629
651,0.04242401197552681,0.9842592592592593,0.8583333333333333
652,0.04923214390873909,0.9842592592592593,0.8592592592592593
653,0.03647953271865845,0.9907407407407407,0.8583333333333333
654,0.04942069202661514,0.9842592592592593,0.8574074074074074
655,0.03844870254397392,0.987037037037037,0.8638888888888889
656,0.036335933953523636,0.9861111111111112,0.8611111111111112
657,0.06792914867401123,0.9740740740740741,0.8574074074074074
658,0.05937414616346359,0.9796296296296296,0.8611111111111112
659,0.06836635619401932,0.9768518518518519,0.8435185185185186
660,0.06717295199632645,0.9777777777777777,0.8518518518518519
661,0.04207709804177284,0.9851851851851852,0.8490740740740741
662,0.05383051559329033,0.9777777777777777,0.8592592592592593
663,0.03741542622447014,0.987037037037037,0.8592592592592593
664,0.044877734035253525,0.9814814814814815,0.8546296296296296
665,0.037379488348960876,0.9879629629629629,0.85
666,0.05004338547587395,0.9824074074074074,0.8546296296296296
667,0.039306312799453735,0.9833333333333333,0.8546296296296296
668,0.03726518899202347,0.9851851851851852,0.8592592592592593
669,0.041859742254018784,0.9851851851851852,0.8518518518518519
670,0.039138082414865494,0.987037037037037,0.8546296296296296
671,0.03750765696167946,0.9916666666666667,0.8546296296296296
672,0.031056495383381844,0.9907407407407407,0.8527777777777777
673,0.049477748572826385,0.9796296296296296,0.8611111111111112
674,0.040604304522275925,0.9861111111111112,0.8648148148148148
675,0.038957804441452026,0.9842592592592593,0.862037037037037
676,0.0429944172501564,0.9805555555555555,0.8592592592592593
677,0.03402583673596382,0.9861111111111112,0.8583333333333333
678,0.047143563628196716,0.9805555555555555,0.8564814814814815
679,0.04800241440534592,0.9851851851851852,0.8564814814814815
680,0.045927830040454865,0.9833333333333333,0.8592592592592593
681,0.05284411460161209,0.9824074074074074,0.8546296296296296
682,0.04742374271154404,0.9796296296296296,0.8555555555555555
683,0.05297929421067238,0.9824074074074074,0.8574074074074074
684,0.05167287960648537,0.987037037037037,0.8601851851851852
685,0.054003290832042694,0.9824074074074074,0.8555555555555555
686,0.05431744456291199,0.9796296296296296,0.85
687,0.05166762322187424,0.9824074074074074,0.8583333333333333
688,0.03887671232223511,0.9888888888888889,0.8574074074074074
689,0.053349047899246216,0.9851851851851852,0.8583333333333333
690,0.053921669721603394,0.9814814814814815,0.8583333333333333
691,0.048295002430677414,0.9851851851851852,0.862037037037037
692,0.04660574346780777,0.9833333333333333,0.8657407407407407
693,0.040640734136104584,0.9805555555555555,0.8648148148148148
694,0.04856833443045616,0.9796296296296296,0.8583333333333333
695,0.030626671388745308,0.9888888888888889,0.8546296296296296
696,0.03645568713545799,0.9888888888888889,0.8601851851851852
697,0.042389001697301865,0.9842592592592593,0.862037037037037
698,0.04068094864487648,0.987037037037037,0.8611111111111112
699,0.034717220813035965,0.9916666666666667,0.8583333333333333
